task_type,n,exact_accuracy,relaxed_accuracy,contradiction,evidence_precision,evidence_recall,evidence_f1,exact_evidence_hit,invalid_retrieval_rate,cancelled_retrieval_rate,superseded_retrieval_rate,expired_retrieval_rate,retrieved_count,retrieved_chars,retrieval_sec,gen_sec,prompt_chars
aging_facts,125,0.0,0.112,0.0,0.3333333333333333,1.0,0.5,0.0,0.584,0.0,0.0,0.584,3.0,144.448,0.0017702579498291016,0.33882913398742676,987.48
cancellation,125,0.0,0.912,0.088,0.0,0.0,0.0,0.0,0.3333333333333333,0.0,0.0,0.3333333333333333,3.0,153.04,0.0017176475524902344,0.08413986206054687,978.984
conflicting_updates,125,0.712,0.968,0.0,0.48533333333333334,0.728,0.5824,0.0,0.3253333333333333,0.0,0.15733333333333333,0.168,3.0,166.368,0.0018759288787841798,0.7741358528137207,985.656
delayed_observations,125,0.0,0.0,1.0,0.24533333333333332,0.736,0.368,0.0,0.264,0.0,0.0,0.264,3.0,169.136,0.001313619613647461,0.08613695335388184,1006.176
elapsed_time_reasoning,125,0.008,0.008,0.0,0.0,0.0,0.0,0.0,0.312,0.0,0.0,0.312,3.0,153.648,0.001380115509033203,1.298334951400757,978.248
periodic_events,125,0.048,0.048,0.0,0.05333333333333333,0.16,0.08,0.0,0.3093333333333333,0.0,0.0,0.3093333333333333,3.0,154.864,0.001340381622314453,0.6465617694854736,995.224
rescheduling,125,0.0,0.0,0.0,0.0,0.0,0.0,0.0,0.3653333333333333,0.0,0.0,0.3653333333333333,3.0,153.024,0.0016203842163085938,1.4078540573120117,988.224
time_window_retrieval,125,0.088,0.68,0.0,0.3333333333333333,1.0,0.5,0.0,0.4506666666666666,0.0,0.3333333333333333,0.11733333333333333,3.0,142.896,0.0017110481262207031,0.6852405834197998,1000.296
