task_type,n,exact_accuracy,relaxed_accuracy,contradiction,evidence_precision,evidence_recall,evidence_f1,exact_evidence_hit,invalid_retrieval_rate,cancelled_retrieval_rate,superseded_retrieval_rate,expired_retrieval_rate,retrieved_count,retrieved_chars,retrieval_sec,gen_sec,prompt_chars
aging_facts,125,0.0,0.4,0.0,0.0,0.0,0.0,0.0,0.336,0.0,0.0,0.336,3.0,152.792,0.0017344989776611327,1.1876731796264648,988.088
cancellation,125,0.0,0.904,0.096,0.0,0.0,0.0,0.0,0.312,0.0,0.0,0.312,3.0,152.848,0.0016394577026367188,0.10406641006469726,977.84
conflicting_updates,125,0.0,0.0,0.0,0.0,0.0,0.0,0.0,0.29866666666666664,0.0,0.0,0.29866666666666664,3.0,153.592,0.001718334197998047,0.5025881938934326,979.032
delayed_observations,125,0.0,0.0,1.0,0.0,0.0,0.0,0.0,0.35466666666666663,0.0,0.0,0.35466666666666663,3.0,152.928,0.0012472686767578125,0.11075656700134277,994.224
elapsed_time_reasoning,125,0.0,0.008,0.0,0.0,0.0,0.0,0.0,0.344,0.0,0.0,0.344,3.0,153.408,0.0013475112915039063,0.3677482624053955,978.896
periodic_events,125,0.0,0.0,0.0,0.0,0.0,0.0,0.0,0.32,0.0,0.0,0.32,3.0,153.048,0.001284780502319336,0.6040362567901612,993.696
rescheduling,125,0.0,0.0,0.0,0.0,0.0,0.0,0.0,0.36266666666666664,0.0,0.0,0.36266666666666664,3.0,153.176,0.0016173954010009766,0.33900310707092285,988.224
time_window_retrieval,125,0.0,0.0,0.0,0.0,0.0,0.0,0.0,0.3093333333333333,0.0,0.0,0.3093333333333333,3.0,154.016,0.0016797256469726562,0.3122769565582275,1006.336
