{
  "n": 1000,
  "evidence_precision": 0.496,
  "evidence_recall": 0.9885,
  "evidence_f1": 0.6441,
  "exact_evidence_hit": 0.0,
  "invalid_retrieval_rate": 0.34933333333333333,
  "cancelled_retrieval_rate": 0.041666666666666664,
  "superseded_retrieval_rate": 0.125,
  "expired_retrieval_rate": 0.18266666666666664,
  "retrieved_count": 3.0,
  "retrieved_chars": 157.011,
  "latency_sec": 0.001161872148513794
}