task_type,n,exact_accuracy,relaxed_accuracy,contradiction,evidence_precision,evidence_recall,evidence_f1,exact_evidence_hit,invalid_retrieval_rate,cancelled_retrieval_rate,superseded_retrieval_rate,expired_retrieval_rate,retrieved_count,retrieved_chars,retrieval_sec,gen_sec,prompt_chars
aging_facts,125,0.0,0.464,0.0,0.0,0.0,0.0,0.0,0.336,0.0,0.0,0.336,3.0,152.792,0.0016051864624023438,0.6409830532073975,857.088
cancellation,125,0.0,0.84,0.168,0.0,0.0,0.0,0.0,0.312,0.0,0.0,0.312,3.0,152.848,0.0015631217956542968,0.7873001899719239,846.84
conflicting_updates,125,0.0,0.0,0.0,0.0,0.0,0.0,0.0,0.29866666666666664,0.0,0.0,0.29866666666666664,3.0,153.592,0.001637338638305664,0.7221299514770508,848.032
delayed_observations,125,0.0,0.0,1.0,0.0,0.0,0.0,0.0,0.35466666666666663,0.0,0.0,0.35466666666666663,3.0,152.928,0.0011871204376220704,1.4170484771728515,863.224
elapsed_time_reasoning,125,0.0,0.0,0.0,0.0,0.0,0.0,0.0,0.344,0.0,0.0,0.344,3.0,153.408,0.0012391529083251953,0.6368344326019287,847.896
periodic_events,125,0.0,0.0,0.0,0.0,0.0,0.0,0.0,0.32,0.0,0.0,0.32,3.0,153.048,0.0012815589904785155,1.6345465641021728,862.696
rescheduling,125,0.0,0.0,0.0,0.0,0.0,0.0,0.0,0.36266666666666664,0.0,0.0,0.36266666666666664,3.0,153.176,0.0015204620361328124,0.7706328468322754,857.224
time_window_retrieval,125,0.0,0.0,0.0,0.0,0.0,0.0,0.0,0.3093333333333333,0.0,0.0,0.3093333333333333,3.0,154.016,0.0016133155822753906,1.2597337837219238,875.336
