task_type,n,exact_accuracy,relaxed_accuracy,contradiction,evidence_precision,evidence_recall,evidence_f1,exact_evidence_hit,invalid_retrieval_rate,cancelled_retrieval_rate,superseded_retrieval_rate,expired_retrieval_rate,retrieved_count,retrieved_chars,retrieval_sec,gen_sec,prompt_chars
aging_facts,125,0.0,0.0,0.0,0.3333333333333333,1.0,0.5,0.0,0.5333333333333332,0.0,0.0,0.5333333333333332,3.0,143.384,0.0018024520874023438,0.1732562828063965,984.0
cancellation,125,0.0,1.0,0.0,0.648,0.972,0.7776000000000001,0.0,0.43466666666666665,0.3306666666666666,0.0,0.104,3.0,152.952,0.0016776447296142577,0.0694040412902832,968.64
conflicting_updates,125,1.0,1.0,0.0,0.6666666666666666,1.0,0.8,0.0,0.43466666666666665,0.0,0.3333333333333333,0.10133333333333333,3.0,163.872,0.0016563053131103515,0.5688751316070557,981.536
delayed_observations,125,0.0,0.0,1.0,0.3333333333333333,1.0,0.5,0.0,0.216,0.0,0.0,0.216,3.0,174.12,0.0012340106964111328,0.06928090476989746,1008.416
elapsed_time_reasoning,125,0.136,0.136,0.0,0.5333333333333332,0.8,0.64,0.0,0.15733333333333333,0.0,0.0,0.15733333333333333,3.0,143.216,0.0013292732238769532,0.1028217830657959,957.632
periodic_events,125,0.144,0.144,0.0,0.3333333333333333,1.0,0.5,0.0,0.232,0.0,0.0,0.232,3.0,161.84,0.0012596397399902344,0.5720041236877441,998.68
rescheduling,125,0.0,0.0,0.0,0.3306666666666666,0.496,0.3968,0.0,0.568,0.0,0.3306666666666666,0.2373333333333333,3.0,151.144,0.0016844482421875,0.5713341541290283,982.632
time_window_retrieval,125,0.952,0.952,0.0,0.3333333333333333,1.0,0.5,0.0,0.41333333333333333,0.0,0.3333333333333333,0.08,3.0,141.632,0.0017084732055664062,0.0698055362701416,996.848
