task_type,n,exact_accuracy,relaxed_accuracy,contradiction,evidence_precision,evidence_recall,evidence_f1,exact_evidence_hit,invalid_retrieval_rate,cancelled_retrieval_rate,superseded_retrieval_rate,expired_retrieval_rate,retrieved_count,retrieved_chars,retrieval_sec,gen_sec,prompt_chars
aging_facts,125,0.0,0.368,0.0,0.010666666666666666,0.032,0.016,0.0,0.013333333333333332,0.0,0.0,0.013333333333333332,3.0,152.712,0.002011289596557617,1.4066344604492187,973.912
cancellation,125,0.0,1.0,0.0,0.504,0.756,0.6048000000000001,0.0,0.18133333333333332,0.17066666666666666,0.0,0.010666666666666666,3.0,156.28,0.001943859100341797,0.12044049263000488,967.568
conflicting_updates,125,1.0,1.0,0.0,0.6506666666666666,0.976,0.7808,0.0,0.3306666666666666,0.0,0.3173333333333333,0.013333333333333332,3.0,164.912,0.0019929847717285155,0.7442223358154297,978.88
delayed_observations,125,0.856,0.856,0.144,0.3333333333333333,1.0,0.5,0.0,0.06666666666666665,0.0,0.0,0.06666666666666665,3.0,175.904,0.0014549999237060548,0.09433041763305663,1004.184
elapsed_time_reasoning,125,0.64,0.64,0.0,0.6666666666666666,1.0,0.8,0.0,0.010666666666666666,0.0,0.0,0.010666666666666666,3.0,141.888,0.001530498504638672,0.13524093437194823,949.744
periodic_events,125,0.44,0.44,0.0,0.3333333333333333,1.0,0.5,0.0,0.048,0.0,0.0,0.048,3.0,163.84,0.001482128143310547,0.7307129535675049,993.648
rescheduling,125,1.0,1.0,0.0,0.5253333333333332,0.788,0.6304000000000001,0.0,0.2053333333333333,0.0,0.192,0.013333333333333332,3.0,166.168,0.001900278091430664,0.713141004562378,986.016
time_window_retrieval,125,0.976,0.976,0.0,0.3333333333333333,1.0,0.5,0.0,0.35733333333333334,0.0,0.3333333333333333,0.024,3.0,143.544,0.0019106636047363282,0.09040052223205566,997.416
