task_type,n,exact_accuracy,relaxed_accuracy,contradiction,evidence_precision,evidence_recall,evidence_f1,exact_evidence_hit,invalid_retrieval_rate,cancelled_retrieval_rate,superseded_retrieval_rate,expired_retrieval_rate,retrieved_count,retrieved_chars,retrieval_sec,gen_sec,prompt_chars
aging_facts,125,0.0,0.96,0.0,0.0,0.0,0.0,0.0,0.336,0.0,0.0,0.336,3.0,152.792,0.0014455757141113282,0.0791775951385498,988.088
cancellation,125,0.0,0.984,0.016,0.0,0.0,0.0,0.0,0.312,0.0,0.0,0.312,3.0,152.848,0.0013953380584716796,0.06370015144348144,977.84
conflicting_updates,125,0.0,0.0,0.0,0.0,0.0,0.0,0.0,0.29866666666666664,0.0,0.0,0.29866666666666664,3.0,153.592,0.001441009521484375,0.4881383590698242,979.032
delayed_observations,125,0.0,0.0,1.0,0.0,0.0,0.0,0.0,0.35466666666666663,0.0,0.0,0.35466666666666663,3.0,152.928,0.000998636245727539,0.06263578605651855,994.224
elapsed_time_reasoning,125,0.032,0.032,0.0,0.0,0.0,0.0,0.0,0.344,0.0,0.0,0.344,3.0,153.408,0.0011048526763916015,0.09407364463806152,978.896
periodic_events,125,0.0,0.0,0.0,0.0,0.0,0.0,0.0,0.32,0.0,0.0,0.32,3.0,153.048,0.0010640506744384766,0.5227765941619873,993.696
rescheduling,125,0.0,0.0,0.0,0.0,0.0,0.0,0.0,0.36266666666666664,0.0,0.0,0.36266666666666664,3.0,153.176,0.0013485469818115235,0.47833334922790527,988.224
time_window_retrieval,125,0.944,0.944,0.0,0.0,0.0,0.0,0.0,0.3093333333333333,0.0,0.0,0.3093333333333333,3.0,154.016,0.0014017429351806641,0.0760992488861084,1006.336
