{
  "n": 1000,
  "exact_accuracy": 0.122,
  "relaxed_accuracy": 0.365,
  "contradiction": 0.127,
  "evidence_precision": 0.0,
  "evidence_recall": 0.0,
  "evidence_f1": 0.0,
  "exact_evidence_hit": 0.0,
  "invalid_retrieval_rate": 0.3296666666666666,
  "cancelled_retrieval_rate": 0.0,
  "superseded_retrieval_rate": 0.0,
  "expired_retrieval_rate": 0.3296666666666666,
  "retrieved_count": 3.0,
  "retrieved_chars": 153.226,
  "retrieval_sec": 0.0012749691009521485,
  "gen_sec": 0.23311684107780456,
  "prompt_chars": 988.292
}