task_type,n,exact_accuracy,relaxed_accuracy,contradiction,evidence_precision,evidence_recall,evidence_f1,exact_evidence_hit,invalid_retrieval_rate,cancelled_retrieval_rate,superseded_retrieval_rate,expired_retrieval_rate,retrieved_count,retrieved_chars,retrieval_sec,gen_sec,prompt_chars
aging_facts,125,0.0,0.0,0.0,1.0,1.0,1.0,1.0,1.0,0.0,0.0,1.0,1.0,43.144,1.6252517700195314e-05,0.16504602432250975,660.288
cancellation,125,0.0,1.0,0.0,1.0,1.0,1.0,1.0,0.5,0.5,0.0,0.0,2.0,103.12,1.6187667846679688e-05,0.06753190994262695,806.68
conflicting_updates,125,1.0,1.0,0.0,1.0,1.0,1.0,1.0,0.5,0.0,0.5,0.0,2.0,113.728,1.619720458984375e-05,0.5545261344909668,819.592
delayed_observations,125,0.0,0.0,1.0,1.0,1.0,1.0,1.0,0.0,0.0,0.0,0.0,1.0,73.624,1.549530029296875e-05,0.06687144660949706,684.16
elapsed_time_reasoning,125,0.136,0.136,0.0,1.0,1.0,1.0,1.0,0.0,0.0,0.0,0.0,2.0,91.096,1.4986038208007813e-05,0.10040886306762695,791.152
periodic_events,125,0.176,0.176,0.0,1.0,1.0,1.0,1.0,0.0,0.0,0.0,0.0,1.0,63.128,1.4471054077148437e-05,0.5522260799407959,676.128
rescheduling,125,0.976,1.0,0.0,1.0,1.0,1.0,1.0,0.5,0.0,0.5,0.0,2.0,114.76,1.6613006591796877e-05,0.5486621131896973,827.64
time_window_retrieval,125,1.0,1.0,0.0,1.0,1.0,1.0,1.0,1.0,0.0,1.0,0.0,1.0,42.208,1.560211181640625e-05,0.06661530685424805,680.416
