task_type,n,exact_accuracy,relaxed_accuracy,contradiction,evidence_precision,evidence_recall,evidence_f1,exact_evidence_hit,invalid_retrieval_rate,cancelled_retrieval_rate,superseded_retrieval_rate,expired_retrieval_rate,retrieved_count,retrieved_chars,retrieval_sec,gen_sec,prompt_chars
aging_facts,125,0.0,0.968,0.0,0.0,0.0,0.0,0.0,0.336,0.0,0.0,0.336,3.0,152.792,0.001792306900024414,1.3875638599395752,988.088
cancellation,125,0.0,0.92,0.088,0.0,0.0,0.0,0.0,0.312,0.0,0.0,0.312,3.0,152.848,0.001749734878540039,0.09121467399597168,977.84
conflicting_updates,125,0.0,0.0,0.0,0.0,0.0,0.0,0.0,0.29866666666666664,0.0,0.0,0.29866666666666664,3.0,153.592,0.001779844284057617,1.0451360301971435,979.032
delayed_observations,125,0.0,0.0,1.0,0.0,0.0,0.0,0.0,0.35466666666666663,0.0,0.0,0.35466666666666663,3.0,152.928,0.0012823352813720703,0.07687316513061523,994.224
elapsed_time_reasoning,125,0.0,0.0,0.0,0.0,0.0,0.0,0.0,0.344,0.0,0.0,0.344,3.0,153.408,0.0013852005004882813,1.3325468711853028,978.896
periodic_events,125,0.0,0.0,0.0,0.0,0.0,0.0,0.0,0.32,0.0,0.0,0.32,3.0,153.048,0.0013569393157958985,0.6154961071014404,993.696
rescheduling,125,0.0,0.0,0.0,0.0,0.0,0.0,0.0,0.36266666666666664,0.0,0.0,0.36266666666666664,3.0,153.176,0.0017205886840820311,1.5490839099884033,988.224
time_window_retrieval,125,0.0,0.0,0.0,0.0,0.0,0.0,0.0,0.3093333333333333,0.0,0.0,0.3093333333333333,3.0,154.016,0.0017507839202880859,1.8174664669036866,1006.336
