{
  "n": 1000,
  "evidence_precision": 0.20457142857142854,
  "evidence_recall": 0.9325,
  "evidence_f1": 0.33025,
  "exact_evidence_hit": 0.0,
  "invalid_retrieval_rate": 0.15514285714285714,
  "cancelled_retrieval_rate": 0.017857142857142856,
  "superseded_retrieval_rate": 0.05342857142857142,
  "expired_retrieval_rate": 0.08385714285714285,
  "retrieved_count": 7.0,
  "retrieved_chars": 360.806,
  "latency_sec": 0.0011510107517242432
}