task_type,n,exact_accuracy,relaxed_accuracy,contradiction,evidence_precision,evidence_recall,evidence_f1,exact_evidence_hit,invalid_retrieval_rate,cancelled_retrieval_rate,superseded_retrieval_rate,expired_retrieval_rate,retrieved_count,retrieved_chars,retrieval_sec,gen_sec,prompt_chars
aging_facts,125,0.0,0.0,0.0,1.0,1.0,1.0,1.0,1.0,0.0,0.0,1.0,1.0,43.144,2.83203125e-05,0.2577309474945068,529.288
cancellation,125,0.0,1.0,0.0,1.0,1.0,1.0,1.0,0.5,0.5,0.0,0.0,2.0,103.12,2.944374084472656e-05,0.43356527137756345,675.68
conflicting_updates,125,1.0,1.0,0.0,1.0,1.0,1.0,1.0,0.5,0.0,0.5,0.0,2.0,113.728,3.0260086059570313e-05,0.7708109149932861,688.592
delayed_observations,125,0.056,0.056,0.944,1.0,1.0,1.0,1.0,0.0,0.0,0.0,0.0,1.0,73.624,2.6712417602539064e-05,0.09064208030700684,553.16
elapsed_time_reasoning,125,0.008,0.904,0.0,1.0,1.0,1.0,1.0,0.0,0.0,0.0,0.0,2.0,91.096,2.5217056274414063e-05,1.7347322616577148,660.152
periodic_events,125,0.816,0.816,0.0,1.0,1.0,1.0,1.0,0.0,0.0,0.0,0.0,1.0,63.128,2.90985107421875e-05,0.7989902229309082,545.128
rescheduling,125,1.0,1.0,0.0,1.0,1.0,1.0,1.0,0.5,0.0,0.5,0.0,2.0,114.76,3.1618118286132816e-05,0.7784819660186768,696.64
time_window_retrieval,125,0.68,1.0,0.0,1.0,1.0,1.0,1.0,1.0,0.0,1.0,0.0,1.0,42.208,2.992820739746094e-05,0.3358696765899658,549.416
