task_type,n,exact_accuracy,relaxed_accuracy,contradiction,evidence_precision,evidence_recall,evidence_f1,exact_evidence_hit,invalid_retrieval_rate,cancelled_retrieval_rate,superseded_retrieval_rate,expired_retrieval_rate,retrieved_count,retrieved_chars,retrieval_sec,gen_sec,prompt_chars
aging_facts,125,0.0,0.0,0.0,1.0,1.0,1.0,1.0,1.0,0.0,0.0,1.0,1.0,43.144,2.519989013671875e-05,0.256722864151001,660.288
cancellation,125,0.0,1.0,0.0,1.0,1.0,1.0,1.0,0.5,0.5,0.0,0.0,2.0,103.12,2.447509765625e-05,0.12321170806884765,806.68
conflicting_updates,125,0.552,1.0,0.0,1.0,1.0,1.0,1.0,0.5,0.0,0.5,0.0,2.0,113.728,2.3889541625976563e-05,0.8608763084411621,819.592
delayed_observations,125,0.36,0.36,0.64,1.0,1.0,1.0,1.0,0.0,0.0,0.0,0.0,1.0,73.624,2.2745132446289064e-05,0.0991685962677002,684.16
elapsed_time_reasoning,125,0.88,0.88,0.0,1.0,1.0,1.0,1.0,0.0,0.0,0.0,0.0,2.0,91.096,2.0006179809570314e-05,0.1262092990875244,791.152
periodic_events,125,0.176,0.176,0.0,1.0,1.0,1.0,1.0,0.0,0.0,0.0,0.0,1.0,63.128,2.3168563842773438e-05,0.6951695270538331,676.128
rescheduling,125,0.72,1.0,0.0,1.0,1.0,1.0,1.0,0.5,0.0,0.5,0.0,2.0,114.76,2.6363372802734373e-05,0.8150893440246582,827.64
time_window_retrieval,125,0.0,1.0,0.0,1.0,1.0,1.0,1.0,1.0,0.0,1.0,0.0,1.0,42.208,2.5684356689453124e-05,0.38275273895263673,680.416
