task_type,n,exact_accuracy,relaxed_accuracy,contradiction,evidence_precision,evidence_recall,evidence_f1,exact_evidence_hit,invalid_retrieval_rate,cancelled_retrieval_rate,superseded_retrieval_rate,expired_retrieval_rate,retrieved_count,retrieved_chars,retrieval_sec,gen_sec,prompt_chars
aging_facts,125,0.0,0.184,0.0,1.0,1.0,1.0,1.0,1.0,0.0,0.0,1.0,1.0,43.144,2.1894454956054686e-05,1.4427719287872314,660.288
cancellation,125,0.0,1.0,0.0,1.0,1.0,1.0,1.0,0.5,0.5,0.0,0.0,2.0,103.12,2.6739120483398438e-05,0.12057427406311035,806.68
conflicting_updates,125,1.0,1.0,0.0,1.0,1.0,1.0,1.0,0.5,0.0,0.5,0.0,2.0,113.728,2.1087646484375e-05,0.6852584972381591,819.592
delayed_observations,125,1.0,1.0,0.0,1.0,1.0,1.0,1.0,0.0,0.0,0.0,0.0,1.0,73.624,2.826499938964844e-05,0.08078765487670898,684.16
elapsed_time_reasoning,125,0.832,0.832,0.0,1.0,1.0,1.0,1.0,0.0,0.0,0.0,0.0,2.0,91.096,2.138710021972656e-05,0.12578083992004394,791.152
periodic_events,125,0.912,0.912,0.0,1.0,1.0,1.0,1.0,0.0,0.0,0.0,0.0,1.0,63.128,1.9674301147460937e-05,0.6927537384033203,676.128
rescheduling,125,1.0,1.0,0.0,1.0,1.0,1.0,1.0,0.5,0.0,0.5,0.0,2.0,114.76,2.3832321166992186e-05,0.6867613048553467,827.64
time_window_retrieval,125,1.0,1.0,0.0,1.0,1.0,1.0,1.0,1.0,0.0,1.0,0.0,1.0,42.208,2.9420852661132814e-05,0.08320216941833496,680.416
