task_type,n,exact_accuracy,relaxed_accuracy,contradiction,evidence_precision,evidence_recall,evidence_f1,exact_evidence_hit,invalid_retrieval_rate,cancelled_retrieval_rate,superseded_retrieval_rate,expired_retrieval_rate,retrieved_count,retrieved_chars,retrieval_sec,gen_sec,prompt_chars
aging_facts,125,0.0,0.176,0.0,0.3333333333333333,1.0,0.5,0.0,0.5333333333333332,0.0,0.0,0.5333333333333332,3.0,143.384,0.0017244224548339845,0.9368327350616455,853.0
cancellation,125,0.0,1.0,0.008,0.648,0.972,0.7776000000000001,0.0,0.43466666666666665,0.3306666666666666,0.0,0.104,3.0,152.952,0.0016413459777832031,0.6624541339874268,837.64
conflicting_updates,125,1.0,1.0,0.0,0.6666666666666666,1.0,0.8,0.0,0.43466666666666665,0.0,0.3333333333333333,0.10133333333333333,3.0,163.872,0.0018242244720458984,0.7035452480316162,850.536
delayed_observations,125,0.12,0.12,0.88,0.3333333333333333,1.0,0.5,0.0,0.216,0.0,0.0,0.216,3.0,174.12,0.0012829513549804687,0.40653193283081057,877.416
elapsed_time_reasoning,125,0.0,0.528,0.0,0.5333333333333332,0.8,0.64,0.0,0.15733333333333333,0.0,0.0,0.15733333333333333,3.0,143.216,0.001336772918701172,1.471684217453003,826.632
periodic_events,125,0.136,0.36,0.0,0.3333333333333333,1.0,0.5,0.0,0.232,0.0,0.0,0.232,3.0,161.84,0.0013604278564453124,1.4032604808807374,867.68
rescheduling,125,0.0,0.0,0.0,0.3306666666666666,0.496,0.3968,0.0,0.568,0.0,0.3306666666666666,0.2373333333333333,3.0,151.144,0.00170782470703125,1.7687000102996826,851.632
time_window_retrieval,125,0.464,0.832,0.0,0.3333333333333333,1.0,0.5,0.0,0.41333333333333333,0.0,0.3333333333333333,0.08,3.0,141.632,0.001703369140625,0.6269153003692627,865.848
