task_type,n,exact_accuracy,relaxed_accuracy,contradiction,evidence_precision,evidence_recall,evidence_f1,exact_evidence_hit,invalid_retrieval_rate,cancelled_retrieval_rate,superseded_retrieval_rate,expired_retrieval_rate,retrieved_count,retrieved_chars,retrieval_sec,gen_sec,prompt_chars
aging_facts,125,0.0,0.464,0.0,0.010666666666666666,0.032,0.016,0.0,0.013333333333333332,0.0,0.0,0.013333333333333332,3.0,152.712,0.0018383522033691407,0.7414858474731445,842.912
cancellation,125,0.0,1.0,0.0,0.504,0.756,0.6048000000000001,0.0,0.18133333333333332,0.17066666666666666,0.0,0.010666666666666666,3.0,156.28,0.0017268257141113282,0.6201442642211914,836.568
conflicting_updates,125,1.0,1.0,0.0,0.6506666666666666,0.976,0.7808,0.0,0.3306666666666666,0.0,0.3173333333333333,0.013333333333333332,3.0,164.912,0.0018520584106445311,0.8354200077056885,847.88
delayed_observations,125,0.088,0.088,0.912,0.3333333333333333,1.0,0.5,0.0,0.06666666666666665,0.0,0.0,0.06666666666666665,3.0,175.904,0.0013097476959228515,0.6474754295349121,873.184
elapsed_time_reasoning,125,0.0,0.752,0.0,0.6666666666666666,1.0,0.8,0.0,0.010666666666666666,0.0,0.0,0.010666666666666666,3.0,141.888,0.0014670963287353516,1.979146806716919,818.744
periodic_events,125,0.288,0.512,0.0,0.3333333333333333,1.0,0.5,0.0,0.048,0.0,0.0,0.048,3.0,163.84,0.0014084491729736328,1.3624098930358888,862.648
rescheduling,125,1.0,1.0,0.0,0.5253333333333332,0.788,0.6304000000000001,0.0,0.2053333333333333,0.0,0.192,0.013333333333333332,3.0,166.168,0.0017578182220458983,0.8236132678985596,855.016
time_window_retrieval,125,0.128,0.896,0.0,0.3333333333333333,1.0,0.5,0.0,0.35733333333333334,0.0,0.3333333333333333,0.024,3.0,143.544,0.0017115573883056642,1.5152998046875,866.416
