task_type,n,exact_accuracy,relaxed_accuracy,contradiction,evidence_precision,evidence_recall,evidence_f1,exact_evidence_hit,invalid_retrieval_rate,cancelled_retrieval_rate,superseded_retrieval_rate,expired_retrieval_rate,retrieved_count,retrieved_chars,retrieval_sec,gen_sec,prompt_chars
aging_facts,125,0.0,0.848,0.0,0.010666666666666666,0.032,0.016,0.0,0.013333333333333332,0.0,0.0,0.013333333333333332,3.0,152.712,0.0019061985015869142,1.449653112411499,973.912
cancellation,125,0.0,1.0,0.0,0.504,0.756,0.6048000000000001,0.0,0.18133333333333332,0.17066666666666666,0.0,0.010666666666666666,3.0,156.28,0.0019174003601074218,0.10617069625854492,967.568
conflicting_updates,125,0.728,1.0,0.0,0.6506666666666666,0.976,0.7808,0.0,0.3306666666666666,0.0,0.3173333333333333,0.013333333333333332,3.0,164.912,0.001916748046875,0.7499704341888428,978.88
delayed_observations,125,0.208,0.208,0.792,0.3333333333333333,1.0,0.5,0.0,0.06666666666666665,0.0,0.0,0.06666666666666665,3.0,175.904,0.0014564361572265625,0.09044379615783692,1004.184
elapsed_time_reasoning,125,0.744,0.744,0.0,0.6666666666666666,1.0,0.8,0.0,0.010666666666666666,0.0,0.0,0.010666666666666666,3.0,141.888,0.0015078067779541015,0.11943099212646484,949.744
periodic_events,125,0.16,0.16,0.0,0.3333333333333333,1.0,0.5,0.0,0.048,0.0,0.0,0.048,3.0,163.84,0.0014462604522705077,0.658587610244751,993.648
rescheduling,125,1.0,1.0,0.0,0.5253333333333332,0.788,0.6304000000000001,0.0,0.2053333333333333,0.0,0.192,0.013333333333333332,3.0,166.168,0.0019254989624023437,0.6605979194641113,986.016
time_window_retrieval,125,0.232,0.728,0.0,0.3333333333333333,1.0,0.5,0.0,0.35733333333333334,0.0,0.3333333333333333,0.024,3.0,143.544,0.0018113899230957032,0.46301879119873046,997.416
