task_type,n,exact_accuracy,relaxed_accuracy,contradiction,evidence_precision,evidence_recall,evidence_f1,exact_evidence_hit,invalid_retrieval_rate,cancelled_retrieval_rate,superseded_retrieval_rate,expired_retrieval_rate,retrieved_count,retrieved_chars,retrieval_sec,gen_sec,prompt_chars
aging_facts,125,0.0,0.096,0.0,0.029575668878848983,1.0,0.05741883772591068,0.0,0.3599576571234679,0.0,0.0,0.3599576571234679,34.48,1754.024,4.401016235351563e-05,1.0455215492248535,5995.272
cancellation,125,0.0,1.0,0.0,0.061791615513485026,1.0,0.11627285702542944,0.0,0.3342681554780916,0.030895807756742513,0.0,0.3033723477213491,32.944,1685.44,4.6159744262695313e-05,1.2477587242126464,5724.32
conflicting_updates,125,0.752,0.752,0.0,0.060855028647216376,1.0,0.11458369962993388,0.0,0.342709722654086,0.0,0.030427514323608188,0.3122822083304779,33.6,1728.16,3.5213470458984375e-05,0.9875698547363281,5844.976
delayed_observations,125,0.016,0.016,0.984,0.044243071497262164,1.0,0.08463385383212493,0.0,0.3131112937495767,0.0,0.0,0.3131112937495767,23.272,1213.304,3.0506134033203125e-05,2.2682449741363526,4185.432
elapsed_time_reasoning,125,0.0,0.256,0.0,0.0797737900984277,1.0,0.14750288247188245,0.0,0.3054484263245846,0.0,0.0,0.3054484263245846,25.688,1298.976,3.833580017089844e-05,2.075658437728882,4520.648
periodic_events,125,0.136,0.312,0.0,0.043200432926151874,1.0,0.08270011226136662,0.0,0.3318245625377687,0.0,0.0,0.3318245625377687,23.968,1237.16,3.5400390625e-05,1.4614307327270508,4295.432
rescheduling,125,0.992,0.992,0.0,0.06387264921897043,1.0,0.1199238735919406,0.0,0.35549260298407925,0.0,0.031936324609485214,0.32355627837459405,31.992,1650.936,3.436088562011719e-05,0.9688044929504395,5599.656
time_window_retrieval,125,0.112,0.976,0.0,0.03137554268669814,1.0,0.06080564922003084,0.0,0.33584440906558766,0.0,0.03137554268669814,0.30446886637888954,32.512,1650.984,4.362869262695312e-05,0.9632442951202392,5681.304
