task_type,n,exact_accuracy,relaxed_accuracy,contradiction,evidence_precision,evidence_recall,evidence_f1,exact_evidence_hit,invalid_retrieval_rate,cancelled_retrieval_rate,superseded_retrieval_rate,expired_retrieval_rate,retrieved_count,retrieved_chars,retrieval_sec,gen_sec,prompt_chars
aging_facts,125,0.0,0.0,0.0,0.3333333333333333,1.0,0.5,0.0,0.584,0.0,0.0,0.584,3.0,144.448,0.001893329620361328,0.23507940483093262,987.48
cancellation,125,0.0,0.936,0.064,0.0,0.0,0.0,0.0,0.3333333333333333,0.0,0.0,0.3333333333333333,3.0,153.04,0.0017765903472900392,0.12107531547546387,978.984
conflicting_updates,125,0.984,0.984,0.0,0.48533333333333334,0.728,0.5824,0.0,0.3253333333333333,0.0,0.15733333333333333,0.168,3.0,166.368,0.0018105792999267578,0.7232582893371582,985.656
delayed_observations,125,0.696,0.696,0.304,0.24533333333333332,0.736,0.368,0.0,0.264,0.0,0.0,0.264,3.0,169.136,0.0013440990447998048,0.09783084869384766,1006.176
elapsed_time_reasoning,125,0.008,0.008,0.0,0.0,0.0,0.0,0.0,0.312,0.0,0.0,0.312,3.0,153.648,0.001459207534790039,0.3386414623260498,978.248
periodic_events,125,0.104,0.104,0.0,0.05333333333333333,0.16,0.08,0.0,0.3093333333333333,0.0,0.0,0.3093333333333333,3.0,154.864,0.0013992996215820312,0.72362548828125,995.224
rescheduling,125,0.0,0.0,0.0,0.0,0.0,0.0,0.0,0.3653333333333333,0.0,0.0,0.3653333333333333,3.0,153.024,0.0018295040130615235,0.6305274982452392,988.224
time_window_retrieval,125,1.0,1.0,0.0,0.3333333333333333,1.0,0.5,0.0,0.4506666666666666,0.0,0.3333333333333333,0.11733333333333333,3.0,142.896,0.001834836959838867,0.08770405960083008,1000.296
