{
  "n": 1000,
  "exact_accuracy": 0.349,
  "relaxed_accuracy": 0.466,
  "contradiction": 0.046,
  "evidence_precision": 0.18133333333333332,
  "evidence_recall": 0.453,
  "evidence_f1": 0.2538,
  "exact_evidence_hit": 0.0,
  "invalid_retrieval_rate": 0.368,
  "cancelled_retrieval_rate": 0.0,
  "superseded_retrieval_rate": 0.06133333333333333,
  "expired_retrieval_rate": 0.30666666666666664,
  "retrieved_count": 3.0,
  "retrieved_chars": 154.678,
  "retrieval_sec": 0.0016684308052062988,
  "gen_sec": 0.36971779584884645,
  "prompt_chars": 990.036
}