task_type,n,exact_accuracy,relaxed_accuracy,contradiction,evidence_precision,evidence_recall,evidence_f1,exact_evidence_hit,invalid_retrieval_rate,cancelled_retrieval_rate,superseded_retrieval_rate,expired_retrieval_rate,retrieved_count,retrieved_chars,retrieval_sec,gen_sec,prompt_chars
aging_facts,125,0.0,0.0,0.0,0.3333333333333333,1.0,0.5,0.0,0.584,0.0,0.0,0.584,3.0,144.448,0.00179840087890625,0.16897042274475096,987.48
cancellation,125,0.0,0.952,0.048,0.0,0.0,0.0,0.0,0.3333333333333333,0.0,0.0,0.3333333333333333,3.0,153.04,0.001717681884765625,0.06920981407165527,978.984
conflicting_updates,125,0.984,0.984,0.0,0.48533333333333334,0.728,0.5824,0.0,0.3253333333333333,0.0,0.15733333333333333,0.168,3.0,166.368,0.0017077369689941406,0.5668150806427001,985.656
delayed_observations,125,0.0,0.0,1.0,0.24533333333333332,0.736,0.368,0.0,0.264,0.0,0.0,0.264,3.0,169.136,0.0012819747924804688,0.06926221466064453,1006.176
elapsed_time_reasoning,125,0.048,0.048,0.0,0.0,0.0,0.0,0.0,0.312,0.0,0.0,0.312,3.0,153.648,0.0013729419708251953,0.10283104705810547,978.248
periodic_events,125,0.064,0.064,0.0,0.05333333333333333,0.16,0.08,0.0,0.3093333333333333,0.0,0.0,0.3093333333333333,3.0,154.864,0.0012913227081298828,0.5630868434906006,995.224
rescheduling,125,0.0,0.0,0.0,0.0,0.0,0.0,0.0,0.3653333333333333,0.0,0.0,0.3653333333333333,3.0,153.024,0.0016561336517333985,0.5110639781951904,988.224
time_window_retrieval,125,0.96,0.96,0.0,0.3333333333333333,1.0,0.5,0.0,0.4506666666666666,0.0,0.3333333333333333,0.11733333333333333,3.0,142.896,0.0017230377197265626,0.06874122047424316,1000.296
