{
  "n": 1000,
  "evidence_precision": 0.4673333333333333,
  "evidence_recall": 0.951,
  "evidence_f1": 0.6108000000000001,
  "exact_evidence_hit": 0.0,
  "invalid_retrieval_rate": 0.35933333333333334,
  "cancelled_retrieval_rate": 0.04,
  "superseded_retrieval_rate": 0.12466666666666666,
  "expired_retrieval_rate": 0.19466666666666665,
  "retrieved_count": 3.0,
  "retrieved_chars": 155.239,
  "latency_sec": 0.0011527366638183593
}