task_type,n,exact_accuracy,relaxed_accuracy,contradiction,evidence_precision,evidence_recall,evidence_f1,exact_evidence_hit,invalid_retrieval_rate,cancelled_retrieval_rate,superseded_retrieval_rate,expired_retrieval_rate,retrieved_count,retrieved_chars,retrieval_sec,gen_sec,prompt_chars
aging_facts,125,0.0,0.0,0.0,0.029575668878848983,1.0,0.05741883772591068,0.0,0.3599576571234679,0.0,0.0,0.3599576571234679,34.48,1754.024,2.2815704345703125e-05,0.20042948722839354,6126.272
cancellation,125,0.0,0.968,0.032,0.061791615513485026,1.0,0.11627285702542944,0.0,0.3342681554780916,0.030895807756742513,0.0,0.3033723477213491,32.944,1685.44,2.07977294921875e-05,0.09939410209655762,5855.32
conflicting_updates,125,0.992,0.992,0.0,0.060855028647216376,1.0,0.11458369962993388,0.0,0.342709722654086,0.0,0.030427514323608188,0.3122822083304779,33.6,1728.16,2.017784118652344e-05,0.5822683963775634,5975.976
delayed_observations,125,0.024,0.024,0.976,0.044243071497262164,1.0,0.08463385383212493,0.0,0.3131112937495767,0.0,0.0,0.3131112937495767,23.272,1213.304,1.885223388671875e-05,0.08090886688232422,4316.432
elapsed_time_reasoning,125,0.0,0.0,0.0,0.0797737900984277,1.0,0.14750288247188245,0.0,0.3054484263245846,0.0,0.0,0.3054484263245846,25.688,1298.976,1.5552520751953125e-05,0.11807354164123535,4651.648
periodic_events,125,0.32,0.32,0.0,0.043200432926151874,1.0,0.08270011226136662,0.0,0.3318245625377687,0.0,0.0,0.3318245625377687,23.968,1237.16,2.1526336669921874e-05,0.5676991958618164,4426.432
rescheduling,125,1.0,1.0,0.0,0.06387264921897043,1.0,0.1199238735919406,0.0,0.35549260298407925,0.0,0.031936324609485214,0.32355627837459405,31.992,1650.936,2.0013809204101563e-05,0.5791670951843262,5730.656
time_window_retrieval,125,0.192,0.192,0.0,0.03137554268669814,1.0,0.06080564922003084,0.0,0.33584440906558766,0.0,0.03137554268669814,0.30446886637888954,32.512,1650.984,1.763916015625e-05,0.09935733222961426,5812.304
