task_type,n,exact_accuracy,relaxed_accuracy,contradiction,evidence_precision,evidence_recall,evidence_f1,exact_evidence_hit,invalid_retrieval_rate,cancelled_retrieval_rate,superseded_retrieval_rate,expired_retrieval_rate,retrieved_count,retrieved_chars,retrieval_sec,gen_sec,prompt_chars
aging_facts,125,0.0,0.136,0.0,0.3333333333333333,1.0,0.5,0.0,0.584,0.0,0.0,0.584,3.0,144.448,0.001912994384765625,1.137358585357666,856.48
cancellation,125,0.0,0.888,0.16,0.0,0.0,0.0,0.0,0.3333333333333333,0.0,0.0,0.3333333333333333,3.0,153.04,0.0018068561553955078,1.307672643661499,847.984
conflicting_updates,125,0.976,0.976,0.0,0.48533333333333334,0.728,0.5824,0.0,0.3253333333333333,0.0,0.15733333333333333,0.168,3.0,166.368,0.0017768211364746094,0.8269281024932862,854.656
delayed_observations,125,0.08,0.08,0.92,0.24533333333333332,0.736,0.368,0.0,0.264,0.0,0.0,0.264,3.0,169.136,0.0013132266998291016,1.2026283493041992,875.176
elapsed_time_reasoning,125,0.0,0.0,0.0,0.0,0.0,0.0,0.0,0.312,0.0,0.0,0.312,3.0,153.648,0.0014130020141601563,0.8030002784729003,847.248
periodic_events,125,0.048,0.088,0.0,0.05333333333333333,0.16,0.08,0.0,0.3093333333333333,0.0,0.0,0.3093333333333333,3.0,154.864,0.0014215488433837891,1.977920726776123,864.224
rescheduling,125,0.0,0.0,0.0,0.0,0.0,0.0,0.0,0.3653333333333333,0.0,0.0,0.3653333333333333,3.0,153.024,0.0017252845764160157,1.3127265090942384,857.224
time_window_retrieval,125,0.536,0.904,0.0,0.3333333333333333,1.0,0.5,0.0,0.4506666666666666,0.0,0.3333333333333333,0.11733333333333333,3.0,142.896,0.0017341232299804687,0.7371204452514648,869.296
