{
  "n": 1000,
  "exact_accuracy": 0.205,
  "relaxed_accuracy": 0.384,
  "contradiction": 0.135,
  "evidence_precision": 0.18133333333333332,
  "evidence_recall": 0.453,
  "evidence_f1": 0.2538,
  "exact_evidence_hit": 0.0,
  "invalid_retrieval_rate": 0.368,
  "cancelled_retrieval_rate": 0.0,
  "superseded_retrieval_rate": 0.06133333333333333,
  "expired_retrieval_rate": 0.30666666666666664,
  "retrieved_count": 3.0,
  "retrieved_chars": 154.678,
  "retrieval_sec": 0.0016379821300506591,
  "gen_sec": 1.1631694550514222,
  "prompt_chars": 859.036
}