task_type,n,exact_accuracy,relaxed_accuracy,contradiction,evidence_precision,evidence_recall,evidence_f1,exact_evidence_hit,invalid_retrieval_rate,cancelled_retrieval_rate,superseded_retrieval_rate,expired_retrieval_rate,retrieved_count,retrieved_chars,retrieval_sec,gen_sec,prompt_chars
aging_facts,125,0.0,0.0,0.0,0.3333333333333333,1.0,0.5,0.0,0.5333333333333332,0.0,0.0,0.5333333333333332,3.0,143.384,0.0017744159698486327,0.2029775085449219,984.0
cancellation,125,0.0,0.992,0.008,0.648,0.972,0.7776000000000001,0.0,0.43466666666666665,0.3306666666666666,0.0,0.104,3.0,152.952,0.0016531810760498048,0.10382515716552734,968.64
conflicting_updates,125,1.0,1.0,0.0,0.6666666666666666,1.0,0.8,0.0,0.43466666666666665,0.0,0.3333333333333333,0.10133333333333333,3.0,163.872,0.001777315139770508,0.6073274116516113,981.536
delayed_observations,125,0.88,0.88,0.12,0.3333333333333333,1.0,0.5,0.0,0.216,0.0,0.0,0.216,3.0,174.12,0.00120086669921875,0.07826339721679687,1008.416
elapsed_time_reasoning,125,0.496,0.496,0.0,0.5333333333333332,0.8,0.64,0.0,0.15733333333333333,0.0,0.0,0.15733333333333333,3.0,143.216,0.001361257553100586,0.13601430702209472,957.632
periodic_events,125,0.376,0.376,0.0,0.3333333333333333,1.0,0.5,0.0,0.232,0.0,0.0,0.232,3.0,161.84,0.001276815414428711,0.5975535697937012,998.68
rescheduling,125,0.0,0.0,0.0,0.3306666666666666,0.496,0.3968,0.0,0.568,0.0,0.3306666666666666,0.2373333333333333,3.0,151.144,0.0016001491546630859,0.5957674541473389,982.632
time_window_retrieval,125,0.984,0.984,0.0,0.3333333333333333,1.0,0.5,0.0,0.41333333333333333,0.0,0.3333333333333333,0.08,3.0,141.632,0.0016847877502441406,0.07460931587219238,996.848
