task_type,n,exact_accuracy,relaxed_accuracy,contradiction,evidence_precision,evidence_recall,evidence_f1,exact_evidence_hit,invalid_retrieval_rate,cancelled_retrieval_rate,superseded_retrieval_rate,expired_retrieval_rate,retrieved_count,retrieved_chars,retrieval_sec,gen_sec,prompt_chars
aging_facts,125,0.0,0.032,0.0,0.3333333333333333,1.0,0.5,0.0,0.5333333333333332,0.0,0.0,0.5333333333333332,3.0,143.384,0.0016594066619873046,0.21699983406066894,984.0
cancellation,125,0.0,1.0,0.0,0.648,0.972,0.7776000000000001,0.0,0.43466666666666665,0.3306666666666666,0.0,0.104,3.0,152.952,0.0016145114898681642,0.10096407318115234,968.64
conflicting_updates,125,0.752,1.0,0.0,0.6666666666666666,1.0,0.8,0.0,0.43466666666666665,0.0,0.3333333333333333,0.10133333333333333,3.0,163.872,0.0017016334533691405,0.6944524173736573,981.536
delayed_observations,125,0.064,0.064,0.936,0.3333333333333333,1.0,0.5,0.0,0.216,0.0,0.0,0.216,3.0,174.12,0.0012322921752929688,0.07745210266113281,1008.416
elapsed_time_reasoning,125,0.552,0.552,0.0,0.5333333333333332,0.8,0.64,0.0,0.15733333333333333,0.0,0.0,0.15733333333333333,3.0,143.216,0.001321582794189453,0.40479523849487303,957.632
periodic_events,125,0.056,0.056,0.0,0.3333333333333333,1.0,0.5,0.0,0.232,0.0,0.0,0.232,3.0,161.84,0.001294422149658203,0.6155694561004639,998.68
rescheduling,125,0.0,0.0,0.0,0.3306666666666666,0.496,0.3968,0.0,0.568,0.0,0.3306666666666666,0.2373333333333333,3.0,151.144,0.001596529006958008,0.8748279876708984,982.632
time_window_retrieval,125,0.008,0.528,0.0,0.3333333333333333,1.0,0.5,0.0,0.41333333333333333,0.0,0.3333333333333333,0.08,3.0,141.632,0.0016319007873535156,0.8735447368621826,996.848
